loss,params,iteration,train_time
7.594821932212211,"{'bagging_temperature': 31.944725103976733, 'bootstrap_type': 'Bayesian', 'iterations': 1000, 'learning_rate': 0.006450515080504199, 'loss_function': 'MAE', 'max_depth': 9.0, 'random_seed': 42, 'random_strength': 45.470105222137214, 'task_type': 'GPU'}",1,12.988189780712128
6.10665905009413,"{'bagging_temperature': 31.579959348704868, 'bootstrap_type': 'Bayesian', 'iterations': 1000, 'learning_rate': 0.1561278943249286, 'loss_function': 'MAE', 'max_depth': 8.0, 'random_seed': 42, 'random_strength': 41.01039588533138, 'task_type': 'GPU'}",2,15.854231945673625
6.763570554840495,"{'bagging_temperature': 95.12239065933292, 'bootstrap_type': 'Bayesian', 'iterations': 1000, 'learning_rate': 0.015312679841029722, 'loss_function': 'MAE', 'max_depth': 9.0, 'random_seed': 42, 'random_strength': 83.73883555532842, 'task_type': 'GPU'}",3,2.603682367006938
7.415420365056256,"{'bagging_temperature': 43.3332801870225, 'bootstrap_type': 'Bayesian', 'iterations': 1000, 'learning_rate': 0.007361404239812721, 'loss_function': 'MAE', 'max_depth': 9.0, 'random_seed': 42, 'random_strength': 44.48325123011517, 'task_type': 'GPU'}",4,2.6232786496480305
6.515808637351508,"{'bagging_temperature': 80.27647811563104, 'bootstrap_type': 'Bayesian', 'iterations': 1000, 'learning_rate': 0.04540224209868508, 'loss_function': 'MAE', 'max_depth': 3.0, 'random_seed': 42, 'random_strength': 81.23959883573632, 'task_type': 'GPU'}",5,2.6384010990460713
6.515804607806591,"{'bagging_temperature': 71.57132621070329, 'bootstrap_type': 'Bayesian', 'iterations': 1000, 'learning_rate': 0.034885681935291124, 'loss_function': 'MAE', 'max_depth': 6.0, 'random_seed': 42, 'random_strength': 79.95534416071729, 'task_type': 'GPU'}",6,2.6313817938168844
7.119945705179152,"{'bagging_temperature': 18.84252917654301, 'bootstrap_type': 'Bayesian', 'iterations': 1000, 'learning_rate': 0.00914278526158578, 'loss_function': 'MAE', 'max_depth': 10.0, 'random_seed': 42, 'random_strength': 73.40280179855682, 'task_type': 'GPU'}",7,17.41125417947769
6.635221416899355,"{'bagging_temperature': 87.43252953344576, 'bootstrap_type': 'Bayesian', 'iterations': 1000, 'learning_rate': 0.018799499169384795, 'loss_function': 'MAE', 'max_depth': 8.0, 'random_seed': 42, 'random_strength': 61.70793585023162, 'task_type': 'GPU'}",8,2.59030100107193
6.5376156552655456,"{'bagging_temperature': 83.76564370605266, 'bootstrap_type': 'Bayesian', 'iterations': 1000, 'learning_rate': 0.031213282799895926, 'loss_function': 'MAE', 'max_depth': 9.0, 'random_seed': 42, 'random_strength': 54.340306769031244, 'task_type': 'GPU'}",9,2.610223348935445
6.5158594096174545,"{'bagging_temperature': 41.58210875794535, 'bootstrap_type': 'Bayesian', 'iterations': 1000, 'learning_rate': 0.12456862918729726, 'loss_function': 'MAE', 'max_depth': 8.0, 'random_seed': 42, 'random_strength': 95.54779863099282, 'task_type': 'GPU'}",10,2.6449395457903546
6.129062147597981,"{'bagging_temperature': 25.455425786404483, 'bootstrap_type': 'Bayesian', 'iterations': 1000, 'learning_rate': 0.07701040925312412, 'loss_function': 'MAE', 'max_depth': 9.0, 'random_seed': 42, 'random_strength': 0.3630307254743226, 'task_type': 'GPU'}",11,17.79379222393036
6.546463876521849,"{'bagging_temperature': 51.25597000903308, 'bootstrap_type': 'Bayesian', 'iterations': 1000, 'learning_rate': 0.030088067584505118, 'loss_function': 'MAE', 'max_depth': 5.0, 'random_seed': 42, 'random_strength': 87.91358871980452, 'task_type': 'GPU'}",12,2.6240859150886537
6.130304346399023,"{'bagging_temperature': 30.848606328904417, 'bootstrap_type': 'Bayesian', 'iterations': 1000, 'learning_rate': 0.1726959301296252, 'loss_function': 'MAE', 'max_depth': 4.0, 'random_seed': 42, 'random_strength': 88.14784176329411, 'task_type': 'GPU'}",13,11.169266299406688
6.515851716849885,"{'bagging_temperature': 37.48772872410356, 'bootstrap_type': 'Bayesian', 'iterations': 1000, 'learning_rate': 0.11506366275273212, 'loss_function': 'MAE', 'max_depth': 2.0, 'random_seed': 42, 'random_strength': 52.71098077466071, 'task_type': 'GPU'}",14,2.6231308460235594
6.909743542178052,"{'bagging_temperature': 49.30659802750759, 'bootstrap_type': 'Bayesian', 'iterations': 1000, 'learning_rate': 0.012029131692006364, 'loss_function': 'MAE', 'max_depth': 9.0, 'random_seed': 42, 'random_strength': 63.703403142412654, 'task_type': 'GPU'}",15,2.600306518872579
6.62947990150913,"{'bagging_temperature': 73.43759393869367, 'bootstrap_type': 'Bayesian', 'iterations': 1000, 'learning_rate': 0.019527926855305442, 'loss_function': 'MAE', 'max_depth': 7.0, 'random_seed': 42, 'random_strength': 58.3369285641829, 'task_type': 'GPU'}",16,2.650412392616272
6.794674392256709,"{'bagging_temperature': 90.10237502883562, 'bootstrap_type': 'Bayesian', 'iterations': 1000, 'learning_rate': 0.014614639399825501, 'loss_function': 'MAE', 'max_depth': 3.0, 'random_seed': 42, 'random_strength': 51.583211193039666, 'task_type': 'GPU'}",17,2.6589173158009847
6.5386411378145395,"{'bagging_temperature': 82.04609280054851, 'bootstrap_type': 'Bayesian', 'iterations': 1000, 'learning_rate': 0.031080512258594095, 'loss_function': 'MAE', 'max_depth': 7.0, 'random_seed': 42, 'random_strength': 69.21104520712689, 'task_type': 'GPU'}",18,2.5779147307078043
6.515840800446386,"{'bagging_temperature': 70.42833089859714, 'bootstrap_type': 'Bayesian', 'iterations': 1000, 'learning_rate': 0.09951940826444038, 'loss_function': 'MAE', 'max_depth': 8.0, 'random_seed': 42, 'random_strength': 28.813841028148136, 'task_type': 'GPU'}",19,2.646570376555125
6.059167932676415,"{'bagging_temperature': 2.1377284848035916, 'bootstrap_type': 'Bayesian', 'iterations': 1000, 'learning_rate': 0.11079316659470263, 'loss_function': 'MAE', 'max_depth': 9.0, 'random_seed': 42, 'random_strength': 39.77858693319253, 'task_type': 'GPU'}",20,18.762776291370393
6.086641076858515,"{'bagging_temperature': 2.537483584232008, 'bootstrap_type': 'Bayesian', 'iterations': 1000, 'learning_rate': 0.06547170550264401, 'loss_function': 'MAE', 'max_depth': 7.0, 'random_seed': 42, 'random_strength': 32.22011287701258, 'task_type': 'GPU'}",21,15.333238943417866
6.088363597413589,"{'bagging_temperature': 0.4570576449101187, 'bootstrap_type': 'Bayesian', 'iterations': 1000, 'learning_rate': 0.06351645640154241, 'loss_function': 'MAE', 'max_depth': 6.0, 'random_seed': 42, 'random_strength': 20.349024979343188, 'task_type': 'GPU'}",22,13.691868086655935
6.094038002564842,"{'bagging_temperature': 2.7360548295025677, 'bootstrap_type': 'Bayesian', 'iterations': 1000, 'learning_rate': 0.059012482646835986, 'loss_function': 'MAE', 'max_depth': 7.0, 'random_seed': 42, 'random_strength': 12.627429502443732, 'task_type': 'GPU'}",23,15.252388064066569
6.1211572061743755,"{'bagging_temperature': 11.370458868702933, 'bootstrap_type': 'Bayesian', 'iterations': 1000, 'learning_rate': 0.08841748209568326, 'loss_function': 'MAE', 'max_depth': 10.0, 'random_seed': 42, 'random_strength': 33.79947924816648, 'task_type': 'GPU'}",24,20.108653624852497
6.171240566469028,"{'bagging_temperature': 7.281952350019115, 'bootstrap_type': 'Bayesian', 'iterations': 1000, 'learning_rate': 0.04773125629058833, 'loss_function': 'MAE', 'max_depth': 5.0, 'random_seed': 42, 'random_strength': 6.685190275755225, 'task_type': 'GPU'}",25,12.576967171827953
6.10879895823809,"{'bagging_temperature': 16.610204131736275, 'bootstrap_type': 'Bayesian', 'iterations': 1000, 'learning_rate': 0.18503022705500094, 'loss_function': 'MAE', 'max_depth': 7.0, 'random_seed': 42, 'random_strength': 25.42582218431162, 'task_type': 'GPU'}",26,15.001333661874135
6.066083657455273,"{'bagging_temperature': 0.24876594055634937, 'bootstrap_type': 'Bayesian', 'iterations': 1000, 'learning_rate': 0.13171835223249723, 'loss_function': 'MAE', 'max_depth': 5.0, 'random_seed': 42, 'random_strength': 34.65584060410642, 'task_type': 'GPU'}",27,12.398639659086863
6.515861900608857,"{'bagging_temperature': 59.64754646219706, 'bootstrap_type': 'Bayesian', 'iterations': 1000, 'learning_rate': 0.14208695996220946, 'loss_function': 'MAE', 'max_depth': 5.0, 'random_seed': 42, 'random_strength': 17.17340970677606, 'task_type': 'GPU'}",28,2.5622137347857157
6.125986798917797,"{'bagging_temperature': 12.838434514292919, 'bootstrap_type': 'Bayesian', 'iterations': 1000, 'learning_rate': 0.19643351466639242, 'loss_function': 'MAE', 'max_depth': 4.0, 'random_seed': 42, 'random_strength': 39.465014397119646, 'task_type': 'GPU'}",29,11.190673863887787
6.155435592340172,"{'bagging_temperature': 23.131709885088842, 'bootstrap_type': 'Bayesian', 'iterations': 1000, 'learning_rate': 0.09836691338124583, 'loss_function': 'MAE', 'max_depth': 4.0, 'random_seed': 42, 'random_strength': 38.563471937554645, 'task_type': 'GPU'}",30,11.193075927098592
6.1124710458881655,"{'bagging_temperature': 7.8558184220983875, 'bootstrap_type': 'Bayesian', 'iterations': 1000, 'learning_rate': 0.1376528983990229, 'loss_function': 'MAE', 'max_depth': 6.0, 'random_seed': 42, 'random_strength': 46.13038581390732, 'task_type': 'GPU'}",31,13.888896493117015
6.268360438250374,"{'bagging_temperature': 24.2049462497216, 'bootstrap_type': 'Bayesian', 'iterations': 1000, 'learning_rate': 0.0444266359582431, 'loss_function': 'MAE', 'max_depth': 3.0, 'random_seed': 42, 'random_strength': 22.437594438564794, 'task_type': 'GPU'}",32,9.204603803157806
6.515864245071354,"{'bagging_temperature': 99.25551507783157, 'bootstrap_type': 'Bayesian', 'iterations': 1000, 'learning_rate': 0.15832847019254678, 'loss_function': 'MAE', 'max_depth': 5.0, 'random_seed': 42, 'random_strength': 11.20651730917757, 'task_type': 'GPU'}",33,2.558413811524709
6.255885846362683,"{'bagging_temperature': 33.36724054486238, 'bootstrap_type': 'Bayesian', 'iterations': 1000, 'learning_rate': 0.0842668553925571, 'loss_function': 'MAE', 'max_depth': 2.0, 'random_seed': 42, 'random_strength': 45.37021939336498, 'task_type': 'GPU'}",34,2.737286432584127
6.026423044776889,"{'bagging_temperature': 0.025450756467009672, 'bootstrap_type': 'Bayesian', 'iterations': 1000, 'learning_rate': 0.1985339952844135, 'loss_function': 'MAE', 'max_depth': 10.0, 'random_seed': 42, 'random_strength': 1.5110937913506746, 'task_type': 'GPU'}",35,20.968796690305073
6.587258622933062,"{'bagging_temperature': 59.275122501429244, 'bootstrap_type': 'Bayesian', 'iterations': 1000, 'learning_rate': 0.024900985729448988, 'loss_function': 'MAE', 'max_depth': 10.0, 'random_seed': 42, 'random_strength': 1.7326563400553574, 'task_type': 'GPU'}",36,2.5697977622350057
6.150702708674746,"{'bagging_temperature': 18.16610432278291, 'bootstrap_type': 'Bayesian', 'iterations': 1000, 'learning_rate': 0.05226511750125747, 'loss_function': 'MAE', 'max_depth': 10.0, 'random_seed': 42, 'random_strength': 5.466846754603699, 'task_type': 'GPU'}",37,19.747585952281952
6.200100973069159,"{'bagging_temperature': 28.467652422829058, 'bootstrap_type': 'Bayesian', 'iterations': 1000, 'learning_rate': 0.03966313100577663, 'loss_function': 'MAE', 'max_depth': 8.0, 'random_seed': 42, 'random_strength': 70.93952347977881, 'task_type': 'GPU'}",38,15.802513368924458
6.089374939923149,"{'bagging_temperature': 6.78345932178728, 'bootstrap_type': 'Bayesian', 'iterations': 1000, 'learning_rate': 0.19964561754740018, 'loss_function': 'MAE', 'max_depth': 9.0, 'random_seed': 42, 'random_strength': 15.134753189597399, 'task_type': 'GPU'}",39,18.100754825274148
7.244752287023165,"{'bagging_temperature': 13.77120956114801, 'bootstrap_type': 'Bayesian', 'iterations': 1000, 'learning_rate': 0.008271619630997715, 'loss_function': 'MAE', 'max_depth': 10.0, 'random_seed': 42, 'random_strength': 78.93714161746284, 'task_type': 'GPU'}",40,18.932201011975607
7.833384032334828,"{'bagging_temperature': 36.552799473980286, 'bootstrap_type': 'Bayesian', 'iterations': 1000, 'learning_rate': 0.005508321936671971, 'loss_function': 'MAE', 'max_depth': 8.0, 'random_seed': 42, 'random_strength': 99.0823885969217, 'task_type': 'GPU'}",41,2.6313906073570252
6.515843071644429,"{'bagging_temperature': 50.69838241710431, 'bootstrap_type': 'Bayesian', 'iterations': 1000, 'learning_rate': 0.1015222033446502, 'loss_function': 'MAE', 'max_depth': 9.0, 'random_seed': 42, 'random_strength': 6.005082611476783, 'task_type': 'GPU'}",42,2.5621946334838865
6.129768636718503,"{'bagging_temperature': 20.859388073045718, 'bootstrap_type': 'Bayesian', 'iterations': 1000, 'learning_rate': 0.07822997354517301, 'loss_function': 'MAE', 'max_depth': 9.0, 'random_seed': 42, 'random_strength': 58.229569846315, 'task_type': 'GPU'}",43,17.773274966080983
6.5158435844956015,"{'bagging_temperature': 58.34767496278729, 'bootstrap_type': 'Bayesian', 'iterations': 1000, 'learning_rate': 0.11532712954702778, 'loss_function': 'MAE', 'max_depth': 9.0, 'random_seed': 42, 'random_strength': 26.560417898937747, 'task_type': 'GPU'}",44,2.558840835094452
6.515878018788522,"{'bagging_temperature': 42.97013688805621, 'bootstrap_type': 'Bayesian', 'iterations': 1000, 'learning_rate': 0.1794189002976026, 'loss_function': 'MAE', 'max_depth': 10.0, 'random_seed': 42, 'random_strength': 48.61188652173619, 'task_type': 'GPU'}",45,2.5681396166483563
6.107839486961272,"{'bagging_temperature': 27.902983544754633, 'bootstrap_type': 'Bayesian', 'iterations': 1000, 'learning_rate': 0.1500292256607009, 'loss_function': 'MAE', 'max_depth': 8.0, 'random_seed': 42, 'random_strength': 76.35848357700993, 'task_type': 'GPU'}",46,16.084516008694965
6.151875013187602,"{'bagging_temperature': 5.024939916808712, 'bootstrap_type': 'Bayesian', 'iterations': 1000, 'learning_rate': 0.03987036212524065, 'loss_function': 'MAE', 'max_depth': 10.0, 'random_seed': 42, 'random_strength': 90.78580254390604, 'task_type': 'GPU'}",47,19.46490968465805
6.59355650857956,"{'bagging_temperature': 65.4915706990793, 'bootstrap_type': 'Bayesian', 'iterations': 1000, 'learning_rate': 0.024096553483851285, 'loss_function': 'MAE', 'max_depth': 8.0, 'random_seed': 42, 'random_strength': 64.51134398054349, 'task_type': 'GPU'}",48,2.5626266678174336
6.984130626416934,"{'bagging_temperature': 47.819153484352995, 'bootstrap_type': 'Bayesian', 'iterations': 1000, 'learning_rate': 0.01099113429837799, 'loss_function': 'MAE', 'max_depth': 9.0, 'random_seed': 42, 'random_strength': 1.7058692960950665, 'task_type': 'GPU'}",49,2.565298144022624
6.128227152626852,"{'bagging_temperature': 10.14725614088712, 'bootstrap_type': 'Bayesian', 'iterations': 1000, 'learning_rate': 0.07193443836959833, 'loss_function': 'MAE', 'max_depth': 10.0, 'random_seed': 42, 'random_strength': 84.01225177164986, 'task_type': 'GPU'}",50,20.027843117713928
6.3104643471726956,"{'bagging_temperature': 15.825099563770372, 'bootstrap_type': 'Bayesian', 'iterations': 1000, 'learning_rate': 0.025507912100712342, 'loss_function': 'MAE', 'max_depth': 7.0, 'random_seed': 42, 'random_strength': 57.19212342366684, 'task_type': 'GPU'}",51,14.925511276721954
6.515850764411997,"{'bagging_temperature': 37.503858228648426, 'bootstrap_type': 'Bayesian', 'iterations': 1000, 'learning_rate': 0.11427043430348763, 'loss_function': 'MAE', 'max_depth': 6.0, 'random_seed': 42, 'random_strength': 40.55158315416355, 'task_type': 'GPU'}",52,2.561590584119161
6.645865203370399,"{'bagging_temperature': 93.08714141463138, 'bootstrap_type': 'Bayesian', 'iterations': 1000, 'learning_rate': 0.01796001765083996, 'loss_function': 'MAE', 'max_depth': 9.0, 'random_seed': 42, 'random_strength': 67.35412919692816, 'task_type': 'GPU'}",53,2.564646804332733
6.51581545094564,"{'bagging_temperature': 74.80003003730891, 'bootstrap_type': 'Bayesian', 'iterations': 1000, 'learning_rate': 0.05705741290045388, 'loss_function': 'MAE', 'max_depth': 8.0, 'random_seed': 42, 'random_strength': 29.697508709386213, 'task_type': 'GPU'}",54,2.561758736769358
6.515862926311199,"{'bagging_temperature': 46.025075368559904, 'bootstrap_type': 'Bayesian', 'iterations': 1000, 'learning_rate': 0.16694622980907325, 'loss_function': 'MAE', 'max_depth': 10.0, 'random_seed': 42, 'random_strength': 9.634144614032571, 'task_type': 'GPU'}",55,2.5715564926465353
6.129752225481024,"{'bagging_temperature': 20.868975001317867, 'bootstrap_type': 'Bayesian', 'iterations': 1000, 'learning_rate': 0.0882528750625091, 'loss_function': 'MAE', 'max_depth': 8.0, 'random_seed': 42, 'random_strength': 18.748567898122317, 'task_type': 'GPU'}",56,16.306507269541424
6.075349266300462,"{'bagging_temperature': 0.1096580921165895, 'bootstrap_type': 'Bayesian', 'iterations': 1000, 'learning_rate': 0.06969311526637732, 'loss_function': 'MAE', 'max_depth': 7.0, 'random_seed': 42, 'random_strength': 49.691092660989014, 'task_type': 'GPU'}",57,15.176462205251058
6.5158021168151885,"{'bagging_temperature': 54.40146119011051, 'bootstrap_type': 'Bayesian', 'iterations': 1000, 'learning_rate': 0.03429459443229825, 'loss_function': 'MAE', 'max_depth': 9.0, 'random_seed': 42, 'random_strength': 23.530349041122367, 'task_type': 'GPU'}",58,2.577868926525116
6.105024666676045,"{'bagging_temperature': 3.54891153121683, 'bootstrap_type': 'Bayesian', 'iterations': 1000, 'learning_rate': 0.1076617385403446, 'loss_function': 'MAE', 'max_depth': 3.0, 'random_seed': 42, 'random_strength': 54.73084673673258, 'task_type': 'GPU'}",59,9.427777194976807
6.515864171806901,"{'bagging_temperature': 79.33190370450166, 'bootstrap_type': 'Bayesian', 'iterations': 1000, 'learning_rate': 0.1318018287205879, 'loss_function': 'MAE', 'max_depth': 6.0, 'random_seed': 42, 'random_strength': 36.852339176675315, 'task_type': 'GPU'}",60,2.5672987699508667
7.513375451602089,"{'bagging_temperature': 9.797831489518543, 'bootstrap_type': 'Bayesian', 'iterations': 1000, 'learning_rate': 0.006757312194008504, 'loss_function': 'MAE', 'max_depth': 7.0, 'random_seed': 42, 'random_strength': 42.89988624535244, 'task_type': 'GPU'}",61,14.726191759109497
6.103760928125812,"{'bagging_temperature': 33.959085781071764, 'bootstrap_type': 'Bayesian', 'iterations': 1000, 'learning_rate': 0.19873830463027284, 'loss_function': 'MAE', 'max_depth': 10.0, 'random_seed': 42, 'random_strength': 30.776016851311624, 'task_type': 'GPU'}",62,14.753434216976165
6.815390062878484,"{'bagging_temperature': 40.040364858146255, 'bootstrap_type': 'Bayesian', 'iterations': 1000, 'learning_rate': 0.014147397355171724, 'loss_function': 'MAE', 'max_depth': 9.0, 'random_seed': 42, 'random_strength': 14.124046996347374, 'task_type': 'GPU'}",63,2.5669238607088727
6.106189864536957,"{'bagging_temperature': 29.623870584881384, 'bootstrap_type': 'Bayesian', 'iterations': 1000, 'learning_rate': 0.15579128778224882, 'loss_function': 'MAE', 'max_depth': 8.0, 'random_seed': 42, 'random_strength': 92.70290593416557, 'task_type': 'GPU'}",64,16.055567224820454
6.515816916234699,"{'bagging_temperature': 65.51072623507754, 'bootstrap_type': 'Bayesian', 'iterations': 1000, 'learning_rate': 0.05386786716008155, 'loss_function': 'MAE', 'max_depth': 10.0, 'random_seed': 42, 'random_strength': 62.024752112933456, 'task_type': 'GPU'}",65,2.5730640411376955
6.142395618668486,"{'bagging_temperature': 14.434617292805585, 'bootstrap_type': 'Bayesian', 'iterations': 1000, 'learning_rate': 0.12437668389083122, 'loss_function': 'MAE', 'max_depth': 4.0, 'random_seed': 42, 'random_strength': 37.42257787699043, 'task_type': 'GPU'}",66,11.181485482056935
6.0802872904343594,"{'bagging_temperature': 0.6913300342205008, 'bootstrap_type': 'Bayesian', 'iterations': 1000, 'learning_rate': 0.09108845178060299, 'loss_function': 'MAE', 'max_depth': 5.0, 'random_seed': 42, 'random_strength': 34.12395791128089, 'task_type': 'GPU'}",67,12.319164248307546
6.124641883353612,"{'bagging_temperature': 7.513356538911621, 'bootstrap_type': 'Bayesian', 'iterations': 1000, 'learning_rate': 0.12963455423492964, 'loss_function': 'MAE', 'max_depth': 4.0, 'random_seed': 42, 'random_strength': 34.72145665355937, 'task_type': 'GPU'}",68,11.207012116909027
6.087479075672217,"{'bagging_temperature': 0.01822943084857256, 'bootstrap_type': 'Bayesian', 'iterations': 1000, 'learning_rate': 0.07951752013364048, 'loss_function': 'MAE', 'max_depth': 5.0, 'random_seed': 42, 'random_strength': 21.308439159009435, 'task_type': 'GPU'}",69,12.354256745179494
6.215650767108129,"{'bagging_temperature': 20.41982138250018, 'bootstrap_type': 'Bayesian', 'iterations': 1000, 'learning_rate': 0.06256800316338133, 'loss_function': 'MAE', 'max_depth': 3.0, 'random_seed': 42, 'random_strength': 26.93429744196155, 'task_type': 'GPU'}",70,9.27744498650233
6.119471024788002,"{'bagging_temperature': 25.763295613839333, 'bootstrap_type': 'Bayesian', 'iterations': 1000, 'learning_rate': 0.18233965435588342, 'loss_function': 'MAE', 'max_depth': 5.0, 'random_seed': 42, 'random_strength': 42.438652777940916, 'task_type': 'GPU'}",71,12.581921132405599
6.07849516864891,"{'bagging_temperature': 3.437112692379316, 'bootstrap_type': 'Bayesian', 'iterations': 1000, 'learning_rate': 0.14818266302470987, 'loss_function': 'MAE', 'max_depth': 6.0, 'random_seed': 42, 'random_strength': 46.02185765599394, 'task_type': 'GPU'}",72,14.44456600745519
6.182466951870529,"{'bagging_temperature': 17.5868997634795, 'bootstrap_type': 'Bayesian', 'iterations': 1000, 'learning_rate': 0.04930277223705033, 'loss_function': 'MAE', 'max_depth': 6.0, 'random_seed': 42, 'random_strength': 53.210106097441006, 'task_type': 'GPU'}",73,13.775731194019318
6.121219700752807,"{'bagging_temperature': 11.1122556004307, 'bootstrap_type': 'Bayesian', 'iterations': 1000, 'learning_rate': 0.16730431976951857, 'loss_function': 'MAE', 'max_depth': 5.0, 'random_seed': 42, 'random_strength': 48.65410054123159, 'task_type': 'GPU'}",74,12.587559044361115
6.123606656632367,"{'bagging_temperature': 5.825687677001747, 'bootstrap_type': 'Bayesian', 'iterations': 1000, 'learning_rate': 0.09485520778400974, 'loss_function': 'MAE', 'max_depth': 4.0, 'random_seed': 42, 'random_strength': 9.610428206092607, 'task_type': 'GPU'}",75,11.260440921783447
6.189649432522852,"{'bagging_temperature': 22.826998027080887, 'bootstrap_type': 'Bayesian', 'iterations': 1000, 'learning_rate': 0.1224395174682441, 'loss_function': 'MAE', 'max_depth': 2.0, 'random_seed': 42, 'random_strength': 16.719471525989068, 'task_type': 'GPU'}",76,2.7803558111190796
6.13614835875903,"{'bagging_temperature': 12.41863998889087, 'bootstrap_type': 'Bayesian', 'iterations': 1000, 'learning_rate': 0.1410934404842819, 'loss_function': 'MAE', 'max_depth': 4.0, 'random_seed': 42, 'random_strength': 24.92310641218312, 'task_type': 'GPU'}",77,11.186602811018625
6.074826817485938,"{'bagging_temperature': 0.44511006617800786, 'bootstrap_type': 'Bayesian', 'iterations': 1000, 'learning_rate': 0.19985340259223094, 'loss_function': 'MAE', 'max_depth': 3.0, 'random_seed': 42, 'random_strength': 71.4948817404542, 'task_type': 'GPU'}",78,9.236152227719625
6.1206908046664195,"{'bagging_temperature': 9.131710148841012, 'bootstrap_type': 'Bayesian', 'iterations': 1000, 'learning_rate': 0.10473239533573823, 'loss_function': 'MAE', 'max_depth': 7.0, 'random_seed': 42, 'random_strength': 75.51693701393393, 'task_type': 'GPU'}",79,15.246652539571127
6.153934989813312,"{'bagging_temperature': 26.51024950676559, 'bootstrap_type': 'Bayesian', 'iterations': 1000, 'learning_rate': 0.06981320108498394, 'loss_function': 'MAE', 'max_depth': 6.0, 'random_seed': 42, 'random_strength': 31.93923903363153, 'task_type': 'GPU'}",80,13.537447921435039
6.5158059265667445,"{'bagging_temperature': 98.46936682774316, 'bootstrap_type': 'Bayesian', 'iterations': 1000, 'learning_rate': 0.03963400422141171, 'loss_function': 'MAE', 'max_depth': 5.0, 'random_seed': 42, 'random_strength': 3.7920742953613455, 'task_type': 'GPU'}",81,2.5635144829750063
6.554131587646558,"{'bagging_temperature': 86.02933919809607, 'bootstrap_type': 'Bayesian', 'iterations': 1000, 'learning_rate': 0.02911658362254008, 'loss_function': 'MAE', 'max_depth': 9.0, 'random_seed': 42, 'random_strength': 0.4270443413391405, 'task_type': 'GPU'}",82,2.5633996725082397
6.429516812140565,"{'bagging_temperature': 15.685340269432542, 'bootstrap_type': 'Bayesian', 'iterations': 1000, 'learning_rate': 0.021415423628838713, 'loss_function': 'MAE', 'max_depth': 4.0, 'random_seed': 42, 'random_strength': 60.34189987164817, 'task_type': 'GPU'}",83,11.040511739253997
6.105882593420969,"{'bagging_temperature': 4.356168433126646, 'bootstrap_type': 'Bayesian', 'iterations': 1000, 'learning_rate': 0.08020636848686678, 'loss_function': 'MAE', 'max_depth': 6.0, 'random_seed': 42, 'random_strength': 56.0208241675809, 'task_type': 'GPU'}",84,13.965044339497885
6.125843493647679,"{'bagging_temperature': 32.56716136239054, 'bootstrap_type': 'Bayesian', 'iterations': 1000, 'learning_rate': 0.11165237376600404, 'loss_function': 'MAE', 'max_depth': 7.0, 'random_seed': 42, 'random_strength': 66.58716164806665, 'task_type': 'GPU'}",85,14.027812337875366
6.515802116815189,"{'bagging_temperature': 54.0231912464223, 'bootstrap_type': 'Bayesian', 'iterations': 1000, 'learning_rate': 0.04230763152436559, 'loss_function': 'MAE', 'max_depth': 10.0, 'random_seed': 42, 'random_strength': 35.74482774633585, 'task_type': 'GPU'}",86,2.5694377779960633
6.121310768467917,"{'bagging_temperature': 20.178296588548488, 'bootstrap_type': 'Bayesian', 'iterations': 1000, 'learning_rate': 0.17815247318707797, 'loss_function': 'MAE', 'max_depth': 5.0, 'random_seed': 42, 'random_strength': 27.589076164617076, 'task_type': 'GPU'}",87,12.421323466300965
6.0468693952693435,"{'bagging_temperature': 1.57988032824845, 'bootstrap_type': 'Bayesian', 'iterations': 1000, 'learning_rate': 0.16179046733636418, 'loss_function': 'MAE', 'max_depth': 8.0, 'random_seed': 42, 'random_strength': 51.7143804251499, 'task_type': 'GPU'}",88,17.28923021554947
6.0555912353441785,"{'bagging_temperature': 2.4891458060610727, 'bootstrap_type': 'Bayesian', 'iterations': 1000, 'learning_rate': 0.1620958319721483, 'loss_function': 'MAE', 'max_depth': 9.0, 'random_seed': 42, 'random_strength': 51.32327615313787, 'task_type': 'GPU'}",89,18.451857419808707
6.198108546269138,"{'bagging_temperature': 35.44382202691325, 'bootstrap_type': 'Bayesian', 'iterations': 1000, 'learning_rate': 0.15976446509145656, 'loss_function': 'MAE', 'max_depth': 9.0, 'random_seed': 42, 'random_strength': 84.50994070565112, 'task_type': 'GPU'}",90,4.291160031159719
6.110283808907551,"{'bagging_temperature': 23.688508826333532, 'bootstrap_type': 'Bayesian', 'iterations': 1000, 'learning_rate': 0.13978917458546636, 'loss_function': 'MAE', 'max_depth': 8.0, 'random_seed': 42, 'random_strength': 51.539404638580315, 'task_type': 'GPU'}",91,16.250281476974486
6.870313419468885,"{'bagging_temperature': 30.701218230305383, 'bootstrap_type': 'Bayesian', 'iterations': 1000, 'learning_rate': 0.011427160767395948, 'loss_function': 'MAE', 'max_depth': 8.0, 'random_seed': 42, 'random_strength': 60.031269601471294, 'task_type': 'GPU'}",92,14.136512696743011
6.111095652311523,"{'bagging_temperature': 14.067680959670827, 'bootstrap_type': 'Bayesian', 'iterations': 1000, 'learning_rate': 0.11963923751440382, 'loss_function': 'MAE', 'max_depth': 10.0, 'random_seed': 42, 'random_strength': 81.35338816593128, 'task_type': 'GPU'}",93,20.11184694369634
6.515876480235008,"{'bagging_temperature': 39.5408395312316, 'bootstrap_type': 'Bayesian', 'iterations': 1000, 'learning_rate': 0.19099894995229286, 'loss_function': 'MAE', 'max_depth': 9.0, 'random_seed': 42, 'random_strength': 64.9293642687963, 'task_type': 'GPU'}",94,2.5691474040349322
6.075449858394466,"{'bagging_temperature': 2.3533381237811795, 'bootstrap_type': 'Bayesian', 'iterations': 1000, 'learning_rate': 0.0754405434985851, 'loss_function': 'MAE', 'max_depth': 8.0, 'random_seed': 42, 'random_strength': 44.7009350870801, 'task_type': 'GPU'}",95,16.753955022493997
6.501437888155071,"{'bagging_temperature': 5.545149435225483, 'bootstrap_type': 'Bayesian', 'iterations': 1000, 'learning_rate': 0.016354101920792806, 'loss_function': 'MAE', 'max_depth': 9.0, 'random_seed': 42, 'random_strength': 68.54489156666652, 'task_type': 'GPU'}",96,17.239460643132528
6.515844976520207,"{'bagging_temperature': 44.58067979959938, 'bootstrap_type': 'Bayesian', 'iterations': 1000, 'learning_rate': 0.09626563026534034, 'loss_function': 'MAE', 'max_depth': 10.0, 'random_seed': 42, 'random_strength': 47.62724831209807, 'task_type': 'GPU'}",97,2.572899130980174
6.5158106887561935,"{'bagging_temperature': 68.22156523210256, 'bootstrap_type': 'Bayesian', 'iterations': 1000, 'learning_rate': 0.05888179998698645, 'loss_function': 'MAE', 'max_depth': 9.0, 'random_seed': 42, 'random_strength': 52.172762046512915, 'task_type': 'GPU'}",98,2.5677957057952883
6.515827905902653,"{'bagging_temperature': 77.54673846516448, 'bootstrap_type': 'Bayesian', 'iterations': 1000, 'learning_rate': 0.0858155835613677, 'loss_function': 'MAE', 'max_depth': 7.0, 'random_seed': 42, 'random_strength': 73.13565487388249, 'task_type': 'GPU'}",99,2.5686065594355267
7.063780882432239,"{'bagging_temperature': 8.362671241098298, 'bootstrap_type': 'Bayesian', 'iterations': 1000, 'learning_rate': 0.00947260530092395, 'loss_function': 'MAE', 'max_depth': 10.0, 'random_seed': 42, 'random_strength': 42.58513680402413, 'task_type': 'GPU'}",100,19.119980470339456
